{"cameraMode":{"drawMode":0,"name":"Shaded","section":"Shading Mode"},"sceneLighting":true,"audioPlay":false,"sceneViewState":{"showFog":true,"showMaterialUpdate":false,"showSkybox":true,"showFlares":true,"showImageEffects":true,"showParticleSystems":true,"showVisualEffectGraphs":true,"m_FxEnabled":true},"in2DMode":false,"pivot":{"x":3.287052631378174,"y":17.88351058959961,"z":10.162586212158204},"rotation":{"x":-0.0018095251871272922,"y":0.00509730726480484,"z":-0.000009406392564415,"w":-0.999986469745636},"size":36.10551071166992,"orthographic":false}