{"cameraMode":{"drawMode":0,"name":"Shaded","section":"Shading Mode"},"sceneLighting":false,"audioPlay":false,"sceneViewState":{"showFog":true,"showMaterialUpdate":false,"showSkybox":false,"showFlares":true,"showImageEffects":true,"showParticleSystems":true,"showVisualEffectGraphs":true,"m_FxEnabled":true},"in2DMode":false,"pivot":{"x":12.600665092468262,"y":2.602034568786621,"z":0.9974099397659302},"rotation":{"x":-0.19031286239624024,"y":-0.14053690433502198,"z":0.027538836002349855,"w":-0.9712235927581787},"size":13.545931816101075,"orthographic":false}